Workbook
Name Slicer_Company_Origin__Trim_: #N/A
Name Slicer_Department_Trim_: #N/A
Name Slicer_Work_Ratings: #N/A

Sheet EmployeeData
A1: Employee_ID | B1: Department | C1: Department(Trim) | D1: Company Origin | E1: Company Origin (Trim) | F1: Tenure with the Company | G1: Salary | H1: HireDate | I1: PerformanceScore | J1: Work Ratings | K1: Output_Unit | L1: Output_Cost_Ratio | M1: Is_Senior_GT15 | N1: Is_Mid_GT5 | O1: Selection_Status | P1: Norm_Ratio | Q1: Norm_PerfScore | R1: Unified_Performance_Score
A2: ID000115 | B2: Research & Department | C2: =TRIM(B2) -> Research & Department | D2: Dataverse | E2: =TRIM(D2) -> Dataverse | F2: 23 | G2: 10000 | H2: 39666 | I2: 5 | J2: C | K2: =IF(J2="A", 3, IF(J2="B", 2, 1)) -> 1 | L2: =K2/G2 -> 0.0001 | M2: =IF(F2>15, TRUE, FALSE) -> TRUE | N2: =IF(F2>5, TRUE, FALSE) -> TRUE | O2: Retain | P2: =(L2-MIN(L:L))/(MAX(L:L)-MIN(L:L)) -> 1 | Q2: =(I2-1)/4 -> 1 | R2: =(0.6*P2)+(0.4*Q2) -> 1
A3: ID000357 | B3: Research & Department | C3: =TRIM(B3) -> Research & Department | D3: Dataverse | E3: =TRIM(D3) -> Dataverse | F3: 6 | G3: 10000 | H3: 45044 | I3: 5 | J3: C | K3: =IF(J3="A", 3, IF(J3="B", 2, 1)) -> 1 | L3: =K3/G3 -> 0.0001 | M3: =IF(F3>15, TRUE, FALSE) -> FALSE | N3: =IF(F3>5, TRUE, FALSE) -> TRUE | O3: Retain | P3: =(L3-MIN(L:L))/(MAX(L:L)-MIN(L:L)) -> 1 | Q3: =(I3-1)/4 -> 1 | R3: =(0.6*P3)+(0.4*Q3) -> 1
A4: ID000873 | B4: Sales & Marketing | C4: =TRIM(B4) -> Sales & Marketing | D4: Dataverse | E4: =TRIM(D4) -> Dataverse | F4: 17 | G4: 10000 | H4: 43562 | I4: 5 | J4: C | K4: =IF(J4="A", 3, IF(J4="B", 2, 1)) -> 1 | L4: =K4/G4 -> 0.0001 | M4: =IF(F4>15, TRUE, FALSE) -> TRUE | N4: =IF(F4>5, TRUE, FALSE) -> TRUE | O4: Retain | P4: =(L4-MIN(L:L))/(MAX(L:L)-MIN(L:L)) -> 1 | Q4: =(I4-1)/4 -> 1 | R4: =(0.6*P4)+(0.4*Q4) -> 1
A5: ID000191 | B5: Research & Department | C5: =TRIM(B5) -> Research & Department | D5: Technova | E5: =TRIM(D5) -> Technova | F5: 25 | G5: 11000 | H5: 41938 | I5: 5 | J5: C | K5: =IF(J5="A", 3, IF(J5="B", 2, 1)) -> 1 | L5: =K5/G5 -> 9.0909091e-05 | M5: =IF(F5>15, TRUE, FALSE) -> TRUE | N5: =IF(F5>5, TRUE, FALSE) -> TRUE | O5: Retain | P5: =(L5-MIN(L:L))/(MAX(L:L)-MIN(L:L)) -> 0.86363636 | Q5: =(I5-1)/4 -> 1 | R5: =(0.6*P5)+(0.4*Q5) -> 0.91818182
A6: ID000522 | B6: Research & Department | C6: =TRIM(B6) -> Research & Department | D6: Technova | E6: =TRIM(D6) -> Technova | F6: 5 | G6: 11000 | H6: 40391 | I6: 5 | J6: C | K6: =IF(J6="A", 3, IF(J6="B", 2, 1)) -> 1 | L6: =K6/G6 -> 9.0909091e-05 | M6: =IF(F6>15, TRUE, FALSE) -> FALSE | N6: =IF(F6>5, TRUE, FALSE) -> FALSE | O6: Retain | P6: =(L6-MIN(L:L))/(MAX(L:L)-MIN(L:L)) -> 0.86363636 | Q6: =(I6-1)/4 -> 1 | R6: =(0.6*P6)+(0.4*Q6) -> 0.91818182
A7: ID000796 | B7: Sales & Marketing | C7: =TRIM(B7) -> Sales & Marketing | D7: Technova | E7: =TRIM(D7) -> Technova | F7: 21 | G7: 11000 | H7: 38298 | I7: 5 | J7: C | K7: =IF(J7="A", 3, IF(J7="B", 2, 1)) -> 1 | L7: =K7/G7 -> 9.0909091e-05 | M7: =IF(F7>15, TRUE, FALSE) -> TRUE | N7: =IF(F7>5, TRUE, FALSE) -> TRUE | O7: Retain | P7: =(L7-MIN(L:L))/(MAX(L:L)-MIN(L:L)) -> 0.86363636 | Q7: =(I7-1)/4 -> 1 | R7: =(0.6*P7)+(0.4*Q7) -> 0.91818182
A8: ID000044 | B8: Research & Department | C8: =TRIM(B8) -> Research & Department | D8: Technova | E8: =TRIM(D8) -> Technova | F8: 7 | G8: 10000 | H8: 45263 | I8: 4 | J8: C | K8: =IF(J8="A", 3, IF(J8="B", 2, 1)) -> 1 | L8: =K8/G8 -> 0.0001 | M8: =IF(F8>15, TRUE, FALSE) -> FALSE | N8: =IF(F8>5, TRUE, FALSE) -> TRUE | O8: Retain | P8: =(L8-MIN(L:L))/(MAX(L:L)-MIN(L:L)) -> 1 | Q8: =(I8-1)/4 -> 0.75 | R8: =(0.6*P8)+(0.4*Q8) -> 0.9
A9: ID000526 | B9: Research & Department | C9: =TRIM(B9) -> Research & Department | D9: Technova | E9: =TRIM(D9) -> Technova | F9: 9 | G9: 10000 | H9: 40305 | I9: 4 | J9: C | K9: =IF(J9="A", 3, IF(J9="B", 2, 1)) -> 1 | L9: =K9/G9 -> 0.0001 | M9: =IF(F9>15, TRUE, FALSE) -> FALSE | N9: =IF(F9>5, TRUE, FALSE) -> TRUE | O9: Retain | P9: =(L9-MIN(L:L))/(MAX(L:L)-MIN(L:L)) -> 1 | Q9: =(I9-1)/4 -> 0.75 | R9: =(0.6*P9)+(0.4*Q9) -> 0.9
A10: ID000240 | B10: Research & Department | C10: =TRIM(B10) -> Research & Department | D10: Dataverse | E10: =TRIM(D10) -> Dataverse | F10: 8 | G10: 12000 | H10: 39672 | I10: 5 | J10: C | K10: =IF(J10="A", 3, IF(J10="B", 2, 1)) -> 1 | L10: =K10/G10 -> 8.3333333e-05 | M10: =IF(F10>15, TRUE, FALSE) -> FALSE | N10: =IF(F10>5, TRUE, FALSE) -> TRUE | O10: Retain | P10: =(L10-MIN(L:L))/(MAX(L:L)-MIN(L:L)) -> 0.75 | Q10: =(I10-1)/4 -> 1 | R10: =(0.6*P10)+(0.4*Q10) -> 0.85
A11: ID000779 | B11: Sales & Marketing | C11: =TRIM(B11) -> Sales & Marketing | D11: Technova | E11: =TRIM(D11) -> Technova | F11: 16 | G11: 12000 | H11: 39261 | I11: 5 | J11: C | K11: =IF(J11="A", 3, IF(J11="B", 2, 1)) -> 1 | L11: =K11/G11 -> 8.3333333e-05 | M11: =IF(F11>15, TRUE, FALSE) -> TRUE | N11: =IF(F11>5, TRUE, FALSE) -> TRUE | O11: Retain | P11: =(L11-MIN(L:L))/(MAX(L:L)-MIN(L:L)) -> 0.75 | Q11: =(I11-1)/4 -> 1 | R11: =(0.6*P11)+(0.4*Q11) -> 0.85
A12: ID000038 | B12: Research & Department | C12: =TRIM(B12) -> Research & Department | D12: Technova | E12: =TRIM(D12) -> Technova | F12: 4 | G12: 11000 | H12: 39784 | I12: 4 | J12: C | K12: =IF(J12="A", 3, IF(J12="B", 2, 1)) -> 1 | L12: =K12/G12 -> 9.0909091e-05 | M12: =IF(F12>15, TRUE, FALSE) -> FALSE | N12: =IF(F12>5, TRUE, FALSE) -> FALSE | O12: Retain | P12: =(L12-MIN(L:L))/(MAX(L:L)-MIN(L:L)) -> 0.86363636 | Q12: =(I12-1)/4 -> 0.75 | R12: =(0.6*P12)+(0.4*Q12) -> 0.81818182
A13: ID000047 | B13: Research & Department | C13: =TRIM(B13) -> Research & Department | D13: Technova | E13: =TRIM(D13) -> Technova | F13: 16 | G13: 11000 | H13: 39083 | I13: 4 | J13: C | K13: =IF(J13="A", 3, IF(J13="B", 2, 1)) -> 1 | L13: =K13/G13 -> 9.0909091e-05 | M13: =IF(F13>15, TRUE, FALSE) -> TRUE | N13: =IF(F13>5, TRUE, FALSE) -> TRUE | O13: Retain | P13: =(L13-MIN(L:L))/(MAX(L:L)-MIN(L:L)) -> 0.86363636 | Q13: =(I13-1)/4 -> 0.75 | R13: =(0.6*P13)+(0.4*Q13) -> 0.81818182
... A1001: ID000689 | B1001: Sales & Marketing | C1001: =TRIM(B1001) -> Sales & Marketing | D1001: Dataverse | E1001: =TRIM(D1001) -> Dataverse | F1001: 1 | G1001: 30000 | H1001: 41357 | I1001: 1 | J1001: C | K1001: =IF(J1001="A", 3, IF(J1001="B", 2, 1)) -> 1 | L1001: =K1001/G1001 -> 3.3333333e-05 | M1001: =IF(F1001>15, TRUE, FALSE) -> FALSE | N1001: =IF(F1001>5, TRUE, FALSE) -> FALSE | O1001: Terminate | P1001: =(L1001-MIN(L:L))/(MAX(L:L)-MIN(L:L)) -> 0 | Q1001: =(I1001-1)/4 -> 0 | R1001: =(0.6*P1001)+(0.4*Q1001) -> 0

Sheet Analysis
A1: Metric | B1: Value (Paste Formula Here) | D1: Metric | E1: Value (Paste Formula Here)
A2: Overall Metrics | D2: Overall Metrics
A3: Total Headcount | B3: =COUNTA(EmployeeData!A:A)-1 -> 1000 | D3: Retained Headcount | E3: =COUNTIF(EmployeeData!O:O,"Retain") -> 800
A4: Total Annual Salary Cost | B4: =SUM(EmployeeData!G:G) -> 40946000 | D4: Retained Annual Salary Cost | E4: =SUMIF(EmployeeData!O:O,"Retain",EmployeeData!G:G) -> 31406000
A5: Total Output Units | B5: =SUM(EmployeeData!K:K) -> 1919 | D5: Retained Output Units | E5: =SUMIF(EmployeeData!O:O,"Retain",EmployeeData!K:K) -> 1520
A6: Blended Output-to-Cost Ratio | B6: =B5/B4 -> 4.6866605e-05 | D6: Retained Output-to-Cost Ratio | E6: =IFERROR(E5/E4, 0) -> 4.8398395e-05
B7: (Assuming B5 is Total Output and B4 is Total Salary) | E7: (Assuming E5 is Retained Output and E4 is Retained Salary)
A8: Performance Breakdown | D8: Performance Breakdown
A9: Count of A-Rated | B9: =COUNTIF(EmployeeData!J:J, "A") -> 159 | D9: Retained A-Rated | E9: =COUNTIFS(EmployeeData!J:J,"A",EmployeeData!O:O,"Retain") -> 109
A10: Count of B-Rated | B10: =COUNTIF(EmployeeData!J:J, "B") -> 601 | D10: Retained B-Rated | E10: =COUNTIFS(EmployeeData!J:J,"B",EmployeeData!O:O,"Retain") -> 502
A11: Count of C-Rated | B11: =COUNTIF(EmployeeData!J:J, "C") -> 240 | D11: Retained C-Rated | E11: =COUNTIFS(EmployeeData!J:J,"C",EmployeeData!O:O,"Retain") -> 189
A12: Tenure Breakdown | D12: Tenure Breakdown
A13: Count Tenure > 15 Yrs | B13: =COUNTIF(EmployeeData!M:M, TRUE) -> 399 | D13: Retained Tenure > 15 Yrs | E13: =COUNTIFS(EmployeeData!M:M,TRUE,EmployeeData!O:O,"Retain") -> 331
A14: Count Tenure > 5 Yrs | B14: =COUNTIF(EmployeeData!N:N, TRUE) -> 801 | D14: Retained Tenure > 5 Yrs | E14: =COUNTIFS(EmployeeData!N:N,TRUE,EmployeeData!O:O,"Retain") -> 638
A15: Pre-Merger Company Output | D15: Post-Merger Company Output
A16: Technova Total Output | B16: =SUMIF(EmployeeData!E:E, "Technova", EmployeeData!K:K) -> 1028 | D16: Technova Retained Output | E16: =SUMIFS(EmployeeData!K:K,EmployeeData!E:E,"Technova",EmployeeData!O:O,"Retain") -> 809
A17: DataVerse Total Output | B17: =SUMIF(EmployeeData!E:E, "Dataverse", EmployeeData!K:K) -> 891 | D17: DataVerse Retained Output | E17: =SUMIFS(EmployeeData!K:K,EmployeeData!E:E,"Dataverse",EmployeeData!O:O,"Retain") -> 711
C20: Salary
B21: Before | C21: =B4 -> 40946000
B22: After | C22: =E4 -> 31406000
B24: Tenure Group | C24: Employee Count
B25: Senior (>15 Yrs) | C25: =E13 -> 331
B26: Mid-Level (6-15 Yrs) | C26: =E14-E13 -> 307
B27: Junior (<=5 Yrs) | C27: =E3-E14 -> 162
C29: Output-to-Cost Ratio
B30: Before | C30: =B6 -> 4.6866605e-05
B31: After | C31: =E6 -> 4.8398395e-05

Sheet Solution 
A1: Selection_Status | B1: Retain
A3: Count of Employee_ID | B3: Company Origin (Trim) | F3: Department | G3: Original Technova | H3: Minimum Technova | I3: Original DataVerse | J3: Minimum DataVerse
A4: Department(Trim) | B4: Dataverse | C4: Technova | D4: Grand Total | F4: Administrative Services | G4: 20 | H4: 10 | I4: 20 | J4: 10
A5: Manufacturing and operations | B5: 94 | C5: 79 | D5: 173 | F5: Business Strategy | G5: 30 | H5: 15 | I5: 15 | J5: 8
A6: IT & Systems | B6: 39 | C6: 60 | D6: 99 | F6: Customer Experience | G6: 75 | H6: 38 | I6: 50 | J6: 25
A7: Research & Department | B7: 39 | C7: 57 | D7: 96 | F7: Finance | G7: 50 | H7: 25 | I7: 45 | J7: 23
A8: Sales & Marketing | B8: 50 | C8: 43 | D8: 93 | F8: Human Resources | G8: 40 | H8: 20 | I8: 30 | J8: 15
A9: Customer Experience | B9: 38 | C9: 52 | D9: 90 | F9: IT and Systems | G9: 55 | H9: 28 | I9: 60 | J9: 30
A10: Finance | B10: 40 | C10: 37 | D10: 77 | F10: Manufacturing & operations | G10: 110 | H10: 55 | I10: 95 | J10: 48
A11: Human Resources | B11: 17 | C11: 44 | D11: 61 | F11: Quality Assurance | G11: 30 | H11: 15 | I11: 35 | J11: 18
A12: Quality Assurance | B12: 28 | C12: 23 | D12: 51 | F12: Research & Department | G12: 50 | H12: 25 | I12: 70 | J12: 35
A13: Administrative Services | B13: 16 | C13: 16 | D13: 32 | F13: Sales & Marketing | G13: 75 | H13: 38 | I13: 45 | J13: 23
A14: Business Strategy | B14: 13 | C14: 15 | D14: 28
A15: Grand Total | B15: 374 | C15: 426 | D15: 800
B20: Performance Mix | C20: Count | F20: Tenure Group | G20: Employee Count
B21: Retained A-Rated | C21: 109 | F21: Senior (>15 Yrs) | G21: =E13
B22: Retained C-Rated | C22: 189 | F22: Mid-Level (6-15 Yrs) | G22: =E14-E13
B23: Retained B-Rated | C23: 502 | F23: Junior (<=5 Yrs) | G23: =E3-E14

Sheet Sheet1

Sheet Sheet3
A1: Selection_Status | B1: Retain
A2: Work Ratings | B2: (All)
B4: Company Origin (Trim) | C4: Values
B5: Dataverse | E5: Technova | H5: Total Count of Employee_ID | I5: Total Sum of Salary | J5: Total Average of Unified_Performance_Score
A6: Department(Trim) | B6: Count of Employee_ID | C6: Sum of Salary | D6: Average of Unified_Performance_Score | E6: Count of Employee_ID | F6: Sum of Salary | G6: Average of Unified_Performance_Score
A7: Administrative Services | B7: 16 | C7: 1177000 | D7: 0.3822519 | E7: 16 | F7: 1181000 | G7: 0.36619469 | H7: 32 | I7: 2358000 | J7: 0.37422329
A8: Business Strategy | B8: 13 | C8: 968000 | D8: 0.41361781 | E8: 15 | F8: 1066000 | G8: 0.33821394 | H8: 28 | I8: 2034000 | J8: 0.37322288
A9: Customer Experience | B9: 38 | C9: 2309000 | D9: 0.35860356 | E9: 52 | F9: 2991000 | G9: 0.37921352 | H9: 90 | I9: 5300000 | J9: 0.37051153
A10: Finance | B10: 40 | C10: 1578000 | D10: 0.3944671 | E10: 37 | F10: 1428000 | G10: 0.39676191 | H10: 77 | I10: 3006000 | J10: 0.3955698
A11: Human Resources | B11: 17 | C11: 667000 | D11: 0.3709285 | E11: 44 | F11: 1747000 | G11: 0.40383755 | H11: 61 | I11: 2414000 | J11: 0.39466618
A12: IT & Systems | B12: 39 | C12: 1524000 | D12: 0.41819875 | E12: 60 | F12: 2362000 | G12: 0.42770322 | H12: 99 | I12: 3886000 | J12: 0.42395903
A13: Manufacturing and operations | B13: 94 | C13: 3688000 | D13: 0.42033429 | E13: 79 | F13: 3194000 | G13: 0.39743126 | H13: 173 | I13: 6882000 | J13: 0.40987568
A14: Quality Assurance | B14: 28 | C14: 1046000 | D14: 0.41482486 | E14: 23 | F14: 937000 | G14: 0.36911173 | H14: 51 | I14: 1983000 | J14: 0.39420914
A15: Research & Department | B15: 39 | C15: 721000 | D15: 0.49301402 | E15: 57 | F15: 1099000 | G15: 0.50393899 | H15: 96 | I15: 1820000 | J15: 0.49950072
A16: Sales & Marketing | B16: 50 | C16: 981000 | D16: 0.46388303 | E16: 43 | F16: 742000 | G16: 0.47178463 | H16: 93 | I16: 1723000 | J16: 0.46753646
A17: Grand Total | B17: 374 | C17: 14659000 | D17: 0.41995303 | E17: 426 | F17: 16747000 | G17: 0.41704358 | H17: 800 | I17: 31406000 | J17: 0.41840375

Sheet Sheet2
A1: Selection_Status | B1: Retain
A3: Department(Trim) | B3: Count of Employee_ID | C3: Average of Unified_Performance_Score
A4: Administrative Services | B4: 32 | C4: 0.37422329
A5: Business Strategy | B5: 28 | C5: 0.37322288
A6: Customer Experience | B6: 90 | C6: 0.37051153
A7: Finance | B7: 77 | C7: 0.3955698
A8: Human Resources | B8: 61 | C8: 0.39466618
A9: IT & Systems | B9: 99 | C9: 0.42395903
A10: Manufacturing and operations | B10: 173 | C10: 0.40987568
A11: Quality Assurance | B11: 51 | C11: 0.39420914
A12: Research & Department | B12: 96 | C12: 0.49950072
A13: Sales & Marketing | B13: 93 | C13: 0.46753646
A14: Grand Total | B14: 800 | C14: 0.41840375
A17: Administrative Services | B17: 32 | C17: 0.37422329
... A26: Sales & Marketing | B26: 93 | C26: 0.46753646

Sheet Dashboard
B2: Total Cost Savings | D2: Retained Headcount | F2: Efficiency Gain (Ratio) | H2: A-Player Retention
B3: =(Analysis!B4-Analysis!E4)/Analysis!B4 -> 0.23298979 | D3: =Analysis!E3 -> 800 | F3: =Analysis!E6 -> 4.8398395e-05 | H3: =Analysis!E9/Analysis!B9 -> 0.68553459

Sheet Employee id 
A1: ID000115
A2: ID000357
A3: ID000873
A4: ID000191
A5: ID000522
A6: ID000796
A7: ID000044
A8: ID000526
A9: ID000240
A10: ID000779
A11: ID000038
A12: ID000047
... A800: ID000708
